{"learning_rate": 1.4430349475514975e-05, "train_loss": 0.000276626436971128, "_timestamp": 1699288157.8693168, "_runtime": 20.193110704421997, "_step": 9488, "_wandb": {"runtime": 22}}