{"learning_rate": 1.2340842311459354e-06, "train_loss": 0.15858815610408783, "_timestamp": 1707243735.9147928, "_runtime": 250.2638328075409, "_step": 63, "_wandb": {"runtime": 251}}