{"learning_rate": 1.6854524386389972e-08, "train_loss": 5.355498790740967, "_timestamp": 1699209786.2526417, "_runtime": 16.38057565689087, "_step": 4, "_wandb": {"runtime": 62}}