{"learning_rate": 8.435852372583481e-08, "train_loss": 4.994729995727539, "_timestamp": 1699284214.1336515, "_runtime": 18.752662420272827, "_step": 4}