{"learning_rate": 1.2654890587925128e-07, "train_loss": 6.284706115722656, "_timestamp": 1699213041.7194922, "_runtime": 23.804519176483154, "_step": 4, "_wandb": {"runtime": 70}}