{"learning_rate": 1.4430349475514975e-05, "train_loss": 0.000276626436971128, "_timestamp": 1699271472.2085803, "_runtime": 37.08317732810974, "_step": 9488, "val_Accuracy": 0.0, "val_Positive_Precision": 0.0, "val_Positive_Recall": 0.0, "val_Positive_F1": 0.0, "val_Negative_Precision": 0.0, "val_Negative_Recall": 0.0, "val_Negative_F1": 0.0, "_wandb": {"runtime": 79}}