{"learning_rate": 2.8828828828828833e-07, "train_loss": 6.039950370788574, "_timestamp": 1699210507.8094528, "_runtime": 16.131943702697754, "_step": 4, "_wandb": {"runtime": 64}}