{"learning_rate": 1.4430349475514975e-05, "train_loss": 0.000276626436971128, "_timestamp": 1699281169.4121323, "_runtime": 18.287999153137207, "_step": 9488, "_wandb": {"runtime": 23}}