{"learning_rate": 2.5309781175850256e-07, "train_loss": 4.771488189697266, "_timestamp": 1699212989.518298, "_runtime": 46.36019802093506, "_step": 8, "_wandb": {"runtime": 46}}