{"learning_rate": 1.9587346450701166e-05, "train_loss": 0.038134317845106125, "_timestamp": 1699307907.9695408, "_runtime": 16412.88446378708, "_step": 3162, "accuracy": 0.0439453125, "Positive_Precision": 0.0, "Positive_Recall": 0.0, "Positive_F1": 0.0, "Negative_Precision": 0.08166969147005444, "Negative_Recall": 0.08687258687258688, "Negative_F1": 0.08419083255378859, "_wandb": {"runtime": 16426}}