{"learning_rate": 0.0, "train_loss": 2.8790287615265697e-05, "_timestamp": 1707291247.7267835, "_runtime": 12508.162224531174, "_step": 2160, "val_gold_tri_id_num": 414, "val_pred_tri_id_num": 1813, "val_match_tri_id_num": 51, "val_trigger_id_precision": 0.028130170987313845, "val_trigger_id_recall": 0.12318840579710146, "val_trigger_id_f1": 0.04580152671755726, "val_gold_tri_cls_num": 414, "val_pred_tri_cls_num": 2157, "val_match_tri_cls_num": 8, "val_trigger_cls_precision": 0.0037088548910523874, "val_trigger_cls_recall": 0.01932367149758454, "val_trigger_cls_f1": 0.006223259432127577, "test_gold_tri_id_num": 395, "test_pred_tri_id_num": 1250, "test_match_tri_id_num": 55, "test_trigger_id_precision": 0.044, "test_trigger_id_recall": 0.13924050632911392, "test_trigger_id_f1": 0.0668693009118541, "test_gold_tri_cls_num": 395, "test_pred_tri_cls_num": 1471, "test_match_tri_cls_num": 6, "test_trigger_cls_precision": 0.004078857919782461, "test_trigger_cls_recall": 0.015189873417721518, "test_trigger_cls_f1": 0.006430868167202571, "_wandb": {"runtime": 12522}}