{"learning_rate": 6.327445293962564e-08, "train_loss": 5.589427947998047, "_timestamp": 1699213412.9085631, "_runtime": 13.108954191207886, "_step": 2}