{"learning_rate": 1.476274165202109e-07, "train_loss": 5.357615947723389, "_timestamp": 1699357884.2397375, "_runtime": 31.536945581436157, "_step": 7, "_wandb": {"runtime": 31}}