{"learning_rate": 1.4431001684874179e-05, "train_loss": 0.004177939146757126, "_timestamp": 1699271951.8409543, "_runtime": 14.146371364593506, "_step": 9487}