{"learning_rate": 1.904212185444861e-05, "train_loss": 0.035366736352443695, "_timestamp": 1699357823.7580473, "_runtime": 9803.874737262726, "_step": 2417, "val_accuracy": 0.396484375, "val_Positive_Precision": 0.2383177570093458, "val_Positive_Recall": 0.1007905138339921, "val_Positive_F1": 0.14166666666666666, "val_Negative_Precision": 0.4382716049382716, "val_Negative_Recall": 0.6853281853281853, "val_Negative_F1": 0.5346385542168675, "test_accuracy": 0.49453125, "test_Positive_Precision": 0.0007990411506192569, "test_Positive_Recall": 0.02247191011235955, "test_Positive_F1": 0.00154320987654321, "test_Negative_Precision": 0.9667558272831487, "test_Negative_Recall": 0.5028821307891075, "test_Negative_F1": 0.6616108786610878, "_wandb": {"runtime": 9807}}