{"learning_rate": 0.0, "train_loss": 0.0002762822841759771, "_timestamp": 1699408723.2782803, "_runtime": 47312.81105232239, "_step": 7588, "val_accuracy": 0.02734375, "val_Positive_Precision": 0.009615384615384616, "val_Positive_Recall": 0.015625, "val_Positive_F1": 0.011904761904761906, "val_Negative_Precision": 0.055, "val_Negative_Recall": 0.034375, "val_Negative_F1": 0.04230769230769231, "val_gold_tri_id_num": 1024, "val_pred_tri_id_num": 1024, "val_match_tri_id_num": 28, "val_trriger_id_precision": 0.02734375, "val_trriger_id_recall": 0.02734375, "val_trriger_id_f1": 0.02734375, "test_accuracy": 0.034274193548387094, "test_Positive_Precision": 0.0, "test_Positive_Recall": 0.0, "test_Positive_F1": 0.0, "test_Negative_Precision": 0.7183098591549296, "test_Negative_Recall": 0.03474114441416894, "test_Negative_F1": 0.06627680311890838, "test_gold_tri_id_num": 5952, "test_pred_tri_id_num": 5952, "test_match_tri_id_num": 204, "test_trriger_id_precision": 0.034274193548387094, "test_trriger_id_recall": 0.034274193548387094, "test_trriger_id_f1": 0.034274193548387094, "_wandb": {"runtime": 47336}}