{"learning_rate": 8.435852372583481e-08, "train_loss": 5.220107078552246, "_timestamp": 1699358632.1179924, "_runtime": 19.507668495178223, "_step": 4, "_wandb": {"runtime": 37}}