{"learning_rate": 8.435852372583481e-08, "train_loss": 5.220107078552246, "_timestamp": 1699325399.697822, "_runtime": 19.56454110145569, "_step": 4, "_wandb": {"runtime": 24}}