{"learning_rate": 1.4430349475514975e-05, "train_loss": 0.000276626436971128, "_timestamp": 1699284579.1118724, "_runtime": 19.159529447555542, "_step": 9488, "_wandb": {"runtime": 19}}