{"learning_rate": 1.4431001684874179e-05, "train_loss": 0.004177939146757126, "_timestamp": 1699271324.3571424, "_runtime": 15.11441946029663, "_step": 9487}