{"learning_rate": 1.3554432306103593e-05, "train_loss": 0.00021491487859748304, "_timestamp": 1699259590.0261247, "_runtime": 45402.266865730286, "_step": 10831, "val_Accuracy": 0.006944444444444444, "val_Positive_Precision": 1.0, "val_Positive_Recall": 0.006944444444444444, "val_Positive_F1": 0.013793103448275862, "val_Negative_Precision": 0.0, "val_Negative_Recall": 0.0, "val_Negative_F1": 0.0, "test_Accuracy": 0.0, "test_Positive_Precision": 0.0, "test_Positive_Recall": 0.0, "test_Positive_F1": 0.0, "test_Negative_Precision": 0.0, "test_Negative_Recall": 0.0, "test_Negative_F1": 0.0}