{"learning_rate": 6.32688927943761e-08, "train_loss": 5.106597423553467, "_timestamp": 1699358701.9584804, "_runtime": 15.575933456420898, "_step": 3}