{"learning_rate": 1.9196865817825665e-06, "train_loss": 0.21534407138824463, "_timestamp": 1707243978.3405116, "_runtime": 200.2291226387024, "_step": 49}