{"learning_rate": 1.1789103690685416e-05, "train_loss": 0.006901026703417301, "_timestamp": 1699347919.9452736, "_runtime": 22188.034015655518, "_step": 559, "val_accuracy": 0.0458984375, "val_Positive_Precision": 0.07103825136612021, "val_Positive_Recall": 0.07707509881422925, "val_Positive_F1": 0.07393364928909951, "val_Negative_Precision": 0.016842105263157894, "val_Negative_Recall": 0.015444015444015444, "val_Negative_F1": 0.016112789526686808, "test_accuracy": 0.1083984375, "test_Positive_Precision": 0.00022331397945511388, "test_Positive_Recall": 0.011235955056179775, "test_Positive_F1": 0.0004379242391066345, "test_Negative_Precision": 0.8629283489096573, "test_Negative_Recall": 0.11011727290797058, "test_Negative_F1": 0.19531112286268287, "_wandb": {"runtime": 22262}}