{"learning_rate": 2.0836950859524225e-08, "train_loss": 5.798131942749023, "_timestamp": 1699040023.7612956, "_runtime": 63.68806767463684, "_step": 3}