{"learning_rate": 1.4430349475514975e-05, "train_loss": 0.000276626436971128, "_timestamp": 1699288359.3383868, "_runtime": 19.51265788078308, "_step": 9488, "_wandb": {"runtime": 37}}