{"learning_rate": 1.4430349475514975e-05, "train_loss": 0.000276626436971128, "_timestamp": 1699287580.3319304, "_runtime": 19.62957239151001, "_step": 9488, "_wandb": {"runtime": 24}}