{"learning_rate": 1.4419914125767707e-05, "train_loss": 0.0004472164437174797, "_timestamp": 1699262888.685733, "_runtime": 1515.683161020279, "_step": 9504, "val_Accuracy": 0.03125, "val_Positive_Precision": 1.0, "val_Positive_Recall": 0.03125, "val_Positive_F1": 0.06060606060606061, "val_Negative_Precision": 0.0, "val_Negative_Recall": 0.0, "val_Negative_F1": 0.0, "test_Accuracy": 0.026041666666666668, "test_Positive_Precision": 1.0, "test_Positive_Recall": 0.026041666666666668, "test_Positive_F1": 0.050761421319796954, "test_Negative_Precision": 0.0, "test_Negative_Recall": 0.0, "test_Negative_F1": 0.0, "_wandb": {"runtime": 1710}}