{"learning_rate": 1.4430349475514975e-05, "train_loss": 0.000276626436971128, "_timestamp": 1699269621.561892, "_runtime": 36.544426918029785, "_step": 9488, "val_Accuracy": 0.0, "val_Positive_Precision": 0.0, "val_Positive_Recall": 0.0, "val_Positive_F1": 0.0, "val_Negative_Precision": 0.0, "val_Negative_Recall": 0.0, "val_Negative_F1": 0.0, "_wandb": {"runtime": 45}}