{"learning_rate": 1.4430349475514975e-05, "train_loss": 0.000276626436971128, "_timestamp": 1699286515.305652, "_runtime": 19.147031784057617, "_step": 9488, "_wandb": {"runtime": 23}}