{"learning_rate": 1.6854524386389972e-08, "train_loss": 6.664114952087402, "_timestamp": 1699209683.0208807, "_runtime": 18.585742712020874, "_step": 4, "_wandb": {"runtime": 17}}