{"learning_rate": 2.5518453427065028e-06, "train_loss": 0.09981457889080048, "_timestamp": 1699359464.391822, "_runtime": 486.49047899246216, "_step": 121}