{"learning_rate": 2.425307557117751e-06, "train_loss": 0.07156278192996979, "_timestamp": 1699359440.4466257, "_runtime": 462.5452826023102, "_step": 115}