{"learning_rate": 2.1722319859402464e-06, "train_loss": 0.12783870100975037, "_timestamp": 1699359392.5179813, "_runtime": 414.61663818359375, "_step": 103}