{"learning_rate": 2.10896309314587e-06, "train_loss": 0.12751220166683197, "_timestamp": 1699359380.535258, "_runtime": 402.63391494750977, "_step": 100}