{"learning_rate": 6.1825099190173385e-06, "train_loss": 2.6265610358677804e-05, "_timestamp": 1699449826.6283576, "_runtime": 90848.72701454163, "_step": 22134, "val_accuracy": 0.1357421875, "val_Positive_Precision": 0.03667481662591687, "val_Positive_Recall": 0.029644268774703556, "val_Positive_F1": 0.03278688524590164, "val_Negative_Precision": 0.2016260162601626, "val_Negative_Recall": 0.23938223938223938, "val_Negative_F1": 0.21888790820829657, "val_gold_tri_id_num": 1024, "val_pred_tri_id_num": 1024, "val_match_tri_id_num": 139, "val_trriger_id_precision": 0.1357421875, "val_trriger_id_recall": 0.1357421875, "val_trriger_id_f1": 0.1357421875, "test_accuracy": 0.0771484375, "test_Positive_Precision": 0.0004310344827586207, "test_Positive_Recall": 0.02247191011235955, "test_Positive_F1": 0.0008458447874814971, "test_Negative_Precision": 0.81875, "test_Negative_Recall": 0.07811568276684555, "test_Negative_F1": 0.1426238432226456, "test_gold_tri_id_num": 5120, "test_pred_tri_id_num": 5120, "test_match_tri_id_num": 395, "test_trriger_id_precision": 0.0771484375, "test_trriger_id_recall": 0.0771484375, "test_trriger_id_f1": 0.0771484375, "_wandb": {"runtime": 90870}}