{"learning_rate": 2.2776801405975396e-06, "train_loss": 0.06279740482568741, "_timestamp": 1699359412.450655, "_runtime": 434.549311876297, "_step": 108}