{"learning_rate": 2.3620386643233744e-06, "train_loss": 0.01800197921693325, "_timestamp": 1699359428.4714704, "_runtime": 450.57012724876404, "_step": 112}