{"learning_rate": 2.045694200351494e-06, "train_loss": 0.12101475894451141, "_timestamp": 1699359368.5803306, "_runtime": 390.67898750305176, "_step": 97}