{"learning_rate": 1.4430349475514975e-05, "train_loss": 0.000276626436971128, "_timestamp": 1699288479.8813038, "_runtime": 37.425986766815186, "_step": 9488, "accuracy": 0.1181640625, "Positive_Precision": 0.0, "Positive_Recall": 0.0, "Positive_F1": 0.0, "Negative_Precision": 0.19298245614035087, "Negative_Recall": 0.2335907335907336, "Negative_F1": 0.211353711790393, "_wandb": {"runtime": 45}}