{"learning_rate": 1.442513180064134e-05, "train_loss": 0.0008258492453023791, "_timestamp": 1699263973.559778, "_runtime": 704.3061609268188, "_step": 9496, "val_Accuracy": 0.003472222222222222, "val_Positive_Precision": 1.0, "val_Positive_Recall": 0.003472222222222222, "val_Positive_F1": 0.006920415224913494, "val_Negative_Precision": 0.0, "val_Negative_Recall": 0.0, "val_Negative_F1": 0.0, "test_Accuracy": 0.0, "test_Positive_Precision": 0.0, "test_Positive_Recall": 0.0, "test_Positive_F1": 0.0, "test_Negative_Precision": 0.0, "test_Negative_Recall": 0.0, "test_Negative_F1": 0.0, "_wandb": {"runtime": 719}}