{"learning_rate": 8.435852372583481e-08, "train_loss": 5.431048393249512, "_timestamp": 1699213478.3493123, "_runtime": 18.69413423538208, "_step": 4, "_wandb": {"runtime": 66}}