{"learning_rate": 1.4430349475514975e-05, "train_loss": 0.000276626436971128, "_timestamp": 1699283254.500488, "_runtime": 19.18245792388916, "_step": 9488, "_wandb": {"runtime": 19}}