{"learning_rate": 1.4430349475514975e-05, "train_loss": 0.000276626436971128, "_timestamp": 1699283858.175348, "_runtime": 18.305206060409546, "_step": 9488, "_wandb": {"runtime": 18}}