{"learning_rate": 8.435852372583481e-08, "train_loss": 5.665026664733887, "_timestamp": 1699214039.2214599, "_runtime": 65.98339986801147, "_step": 4, "val_Accuracy": 0.0, "val_Positive_Precision": 0.0, "val_Positive_Recall": 0.0, "val_Positive_F1": 0.0, "val_Negative_Precision": 0.0, "val_Negative_Recall": 0.0, "val_Negative_F1": 0.0, "_wandb": {"runtime": 91}}