{"learning_rate": 5.644877930574908e-06, "train_loss": 8.480689757561777e-06, "_timestamp": 1707278172.2350197, "_runtime": 34137.111949682236, "_step": 8239, "val_gold_tri_id_num": 608, "val_pred_tri_id_num": 490, "val_match_tri_id_num": 319, "val_trigger_id_precision": 0.6510204081632653, "val_trigger_id_recall": 0.524671052631579, "val_trigger_id_f1": 0.5810564663023681, "val_gold_tri_cls_num": 608, "val_pred_tri_cls_num": 548, "val_match_tri_cls_num": 302, "val_trigger_cls_precision": 0.551094890510949, "val_trigger_cls_recall": 0.4967105263157895, "val_trigger_cls_f1": 0.522491349480969, "test_gold_tri_id_num": 395, "test_pred_tri_id_num": 250, "test_match_tri_id_num": 140, "test_trigger_id_precision": 0.56, "test_trigger_id_recall": 0.35443037974683544, "test_trigger_id_f1": 0.434108527131783, "test_gold_tri_cls_num": 395, "test_pred_tri_cls_num": 267, "test_match_tri_cls_num": 126, "test_trigger_cls_precision": 0.47191011235955055, "test_trigger_cls_recall": 0.3189873417721519, "test_trigger_cls_f1": 0.3806646525679758, "_wandb": {"runtime": 34140}}