{"learning_rate": 1.4430349475514975e-05, "train_loss": 0.000276626436971128, "_timestamp": 1699283451.2914035, "_runtime": 18.287296533584595, "_step": 9488, "_wandb": {"runtime": 18}}