{"learning_rate": 8.346374543557642e-08, "train_loss": 4.924307346343994, "_timestamp": 1699041234.3610306, "_runtime": 214.39873456954956, "_step": 12}