{"learning_rate": 1.4430349475514975e-05, "train_loss": 0.000276626436971128, "_timestamp": 1699285522.1648102, "_runtime": 18.497793197631836, "_step": 9488, "_wandb": {"runtime": 18}}