{"learning_rate": 8.435852372583481e-08, "train_loss": 5.220107078552246, "_timestamp": 1699358293.747544, "_runtime": 19.574182987213135, "_step": 4, "_wandb": {"runtime": 37}}