{"learning_rate": 8.435852372583481e-08, "train_loss": 5.220107078552246, "_timestamp": 1699325284.9772851, "_runtime": 19.55439305305481, "_step": 4, "_wandb": {"runtime": 37}}