{"learning_rate": 1.4430349475514975e-05, "train_loss": 0.000276626436971128, "_timestamp": 1699284267.6227722, "_runtime": 19.517876148223877, "_step": 9488, "_wandb": {"runtime": 19}}