{"learning_rate": 1.4430349475514975e-05, "train_loss": 0.000276626436971128, "_timestamp": 1699284447.445073, "_runtime": 18.220382928848267, "_step": 9488, "_wandb": {"runtime": 18}}