{"learning_rate": 1.8465596834469114e-07, "train_loss": 5.019371509552002, "_timestamp": 1699290559.2844007, "_runtime": 86.73356580734253, "_step": 21, "_wandb": {"runtime": 90}}