{"learning_rate": 2.6379366634018937e-06, "train_loss": 0.11345290392637253, "_timestamp": 1706858362.9733999, "_runtime": 558.5427718162537, "_step": 101}