{"learning_rate": 1.4430349475514975e-05, "train_loss": 0.000276626436971128, "_timestamp": 1699287012.5033228, "_runtime": 18.32818293571472, "_step": 9488, "_wandb": {"runtime": 22}}