{"learning_rate": 1.4430349475514975e-05, "train_loss": 0.000276626436971128, "_timestamp": 1699282655.585272, "_runtime": 18.38370704650879, "_step": 9488, "_wandb": {"runtime": 18}}