{"learning_rate": 1.4430349475514975e-05, "train_loss": 0.000276626436971128, "_timestamp": 1699288555.037445, "_runtime": 38.53212213516235, "_step": 9488, "accuracy": 0.2373046875, "Positive_Precision": 0.0, "Positive_Recall": 0.0, "Positive_F1": 0.0, "Negative_Precision": 0.3218543046357616, "Negative_Recall": 0.474609375, "Negative_F1": 0.3835832675611681, "_wandb": {"runtime": 54}}