{"learning_rate": 1.4430349475514975e-05, "train_loss": 0.000276626436971128, "_timestamp": 1699286442.1041446, "_runtime": 19.32573652267456, "_step": 9488, "_wandb": {"runtime": 19}}