{"learning_rate": 1.8317912040845466e-05, "train_loss": 0.0005664575728587806, "_timestamp": 1699324756.9533565, "_runtime": 34080.10837960243, "_step": 8460, "accuracy": 0.0607421875, "Positive_Precision": 0.0, "Positive_Recall": 0.0, "Positive_F1": 0.0, "Negative_Precision": 0.7775, "Negative_Recall": 0.06181673623534089, "Negative_F1": 0.11452771128705579, "_wandb": {"runtime": 34080}}