{"learning_rate": 1.5827654429544956e-07, "train_loss": 5.145843505859375, "_timestamp": 1699290751.58733, "_runtime": 74.74235320091248, "_step": 18}