{"learning_rate": 2.1089630931458702e-07, "train_loss": 5.826904296875, "_timestamp": 1699289191.5656528, "_runtime": 42.71871280670166, "_step": 10, "_wandb": {"runtime": 62}}