{"learning_rate": 2.1089630931458703e-08, "train_loss": 6.2011823654174805, "_timestamp": 1699281118.753697, "_runtime": 6.7879438400268555, "_step": 1, "_wandb": {"runtime": 7}}