{"learning_rate": 1.4430349475514975e-05, "train_loss": 0.000276626436971128, "_timestamp": 1699284697.3477898, "_runtime": 18.425386667251587, "_step": 9488, "_wandb": {"runtime": 18}}