{"learning_rate": 1.4430349475514975e-05, "train_loss": 0.000276626436971128, "_timestamp": 1699286736.7336504, "_runtime": 37.7234845161438, "_step": 9488, "accuracy": 0.1181640625, "_wandb": {"runtime": 47}}