{"learning_rate": 2.386185243328101e-06, "train_loss": 0.15217050909996033, "_timestamp": 1699456265.8703287, "_runtime": 458.09652972221375, "_step": 114}