{"learning_rate": 1.4430349475514975e-05, "train_loss": 0.000276626436971128, "_timestamp": 1699287941.7220566, "_runtime": 19.406806707382202, "_step": 9488, "_wandb": {"runtime": 21}}