{"learning_rate": 1.4430349475514975e-05, "train_loss": 0.000276626436971128, "_timestamp": 1699283537.3453028, "_runtime": 18.292362928390503, "_step": 9488, "_wandb": {"runtime": 18}}