{"learning_rate": 1.4430349475514975e-05, "train_loss": 0.000276626436971128, "_timestamp": 1699288293.0786386, "_runtime": 19.475602626800537, "_step": 9488, "_wandb": {"runtime": 26}}