{"learning_rate": 3.1452991452991453e-06, "train_loss": 0.31031930446624756, "_timestamp": 1694443437.7683284, "_runtime": 98.8389585018158, "_step": 23, "_wandb": {"runtime": 100}}